exp,image,det_score,material,material_score,x1,y1,x2,y2
C2,taco_batch_10_000008.jpg,0.8578,metal,0.8803,1011,0,1633,407
C2,taco_batch_10_000008.jpg,0.7153,metal,1.0,507,957,718,1168
C2,taco_batch_10_000008.jpg,0.6333,metal,1.0,405,1883,688,2516
C2,taco_batch_10_000008.jpg,0.6178,metal,0.8563,419,3799,742,4000
C2,taco_batch_10_000009.jpg,0.8938,metal,1.0,2255,784,2388,895
C2,taco_batch_10_000009.jpg,0.3583,metal,0.9507,1846,742,1902,807
C2,taco_batch_10_000009.jpg,0.3151,metal,0.594,3845,989,4000,1161
C2,taco_batch_10_000009.jpg,0.2508,metal,0.7955,1845,724,1906,805
C2,taco_batch_10_000015.jpg,0.8135,metal,0.917,484,3170,645,3304
C2,taco_batch_10_000015.jpg,0.5948,metal,0.6972,1221,2063,1320,2123
C2,taco_batch_10_000015.jpg,0.3646,metal,0.9846,426,2496,527,2588
C2,taco_batch_10_000015.jpg,0.326,metal,0.9267,878,3112,981,3250
C2,taco_batch_10_000015.jpg,0.283,plastic,0.4576,1187,1510,1228,1540
C2,taco_batch_10_000015.jpg,0.2694,paper,0.85,1241,1517,1297,1548
C2,taco_batch_10_000015.jpg,0.2543,metal,0.9655,1442,2050,1737,2194
C2,taco_batch_10_000032.jpg,0.8523,paper,0.9731,969,1154,1078,1356
C2,taco_batch_10_000032.jpg,0.6766,paper,0.8165,838,1228,914,1373
C2,taco_batch_10_000032.jpg,0.6052,metal,0.8953,567,2360,645,2460
C2,taco_batch_10_000032.jpg,0.4398,paper,0.9161,1104,1200,1197,1396
C2,taco_batch_10_000034.jpg,0.8947,metal,0.9617,818,1819,1026,1919
C2,taco_batch_10_000034.jpg,0.675,metal,0.9867,101,2871,191,2971
C2,taco_batch_10_000034.jpg,0.5076,glass,0.6745,851,173,920,203
C2,taco_batch_10_000034.jpg,0.4179,metal,0.9895,15,3047,68,3090
C2,taco_batch_10_000034.jpg,0.4081,metal,0.5012,367,2951,484,3026
C2,taco_batch_10_000034.jpg,0.3278,metal,0.4558,952,3187,993,3256
C2,taco_batch_10_000036.jpg,0.8673,paper,0.5677,1414,3840,1577,3998
C2,taco_batch_10_000036.jpg,0.8562,glass,0.6145,1283,1715,1462,1831
C2,taco_batch_10_000036.jpg,0.4838,metal,0.9102,1396,2642,1477,2718
C2,taco_batch_10_000036.jpg,0.4378,metal,0.4993,1414,3456,1447,3530
C2,taco_batch_10_000036.jpg,0.4306,glass,0.6074,1418,3457,1457,3537
C2,taco_batch_10_000036.jpg,0.4224,glass,0.4443,1507,3462,1569,3511
C2,taco_batch_10_000036.jpg,0.4169,paper,0.4776,993,3229,1068,3330
C2,taco_batch_10_000036.jpg,0.2598,paper,0.9766,1457,3653,1540,3684
C2,taco_batch_10_000057.jpg,0.9058,plastic,0.9519,839,2574,1427,3085
C2,taco_batch_10_000068.jpg,0.8756,paper,0.4161,713,1527,951,1739
C2,taco_batch_10_000068.jpg,0.8182,metal,0.9982,170,3856,299,3992
C2,taco_batch_10_000068.jpg,0.7163,metal,0.6056,760,1237,845,1317
C2,taco_batch_10_000068.jpg,0.7007,paper,0.5612,759,1349,823,1463
C2,taco_batch_10_000068.jpg,0.5559,paper,0.7694,548,2218,621,2245
C2,taco_batch_10_000068.jpg,0.5281,metal,0.572,1100,1222,1152,1284
C2,taco_batch_10_000068.jpg,0.5127,metal,0.9221,1468,3543,1508,3615
C2,taco_batch_10_000068.jpg,0.3089,glass,0.7781,956,1575,993,1610
C2,taco_batch_10_000071.jpg,0.754,metal,0.6925,413,1343,728,1419
C2,taco_batch_10_000084.jpg,0.6921,plastic,0.9539,1110,1055,1378,1273
C2,taco_batch_10_000084.jpg,0.4816,paper,0.9835,605,1602,888,1914
C2,taco_batch_10_000091.jpg,0.8585,metal,0.9879,2225,1251,2628,1483
C2,taco_batch_10_000091.jpg,0.5764,metal,0.7715,2705,1248,2779,1314
C2,taco_batch_10_000091.jpg,0.4176,metal,0.9321,1003,1395,1127,1501
C2,taco_batch_10_000091.jpg,0.3886,metal,0.8777,3785,345,3861,388
C2,taco_batch_10_000091.jpg,0.3885,metal,0.993,3079,1685,3174,1805
C2,taco_batch_10_000091.jpg,0.3016,metal,0.9825,3089,1691,3172,1780
C2,taco_batch_10_000094.jpg,0.5036,metal,0.9669,1091,3183,1182,3241
C2,taco_batch_10_000094.jpg,0.3593,metal,0.5415,0,0,1824,1107
C2,taco_batch_10_000094.jpg,0.292,metal,0.8837,1719,1562,1787,1656
C2,taco_batch_10_000098.jpg,0.5364,paper,0.9719,562,1483,1596,2850
C2,taco_batch_10_000099.jpg,0.9348,other,0.9939,789,2014,1270,2405
C2,taco_batch_11_000000.jpg,0.8332,plastic,0.7461,1326,630,3075,1581
C2,taco_batch_11_000000.jpg,0.6197,paper,0.9999,3039,1296,3772,1824
C2,taco_batch_11_000000.jpg,0.2693,paper,0.8175,0,0,567,582
C2,taco_batch_11_000007.jpg,0.3948,paper,0.9851,1176,2183,1679,3037
C2,taco_batch_11_000011.jpg,0.7516,paper,0.9999,166,3248,1824,3996
C2,taco_batch_11_000011.jpg,0.6543,paper,0.9891,583,3698,1824,4000
C2,taco_batch_11_000011.jpg,0.3048,metal,0.6562,274,481,529,804
C2,taco_batch_11_000011.jpg,0.3034,paper,0.9851,688,985,1384,1264
C2,taco_batch_11_000013.jpg,0.7168,metal,0.6497,1505,3348,1610,3611
C2,taco_batch_11_000013.jpg,0.5477,paper,0.622,7,757,478,1191
C2,taco_batch_11_000013.jpg,0.4363,paper,1.0,659,2486,1814,3257
C2,taco_batch_11_000013.jpg,0.2753,metal,0.4964,0,2365,182,2521
C2,taco_batch_11_000026.jpg,0.8687,metal,0.5265,3142,2189,3452,2474
C2,taco_batch_11_000026.jpg,0.8144,plastic,0.9512,2447,1415,3422,2450
C2,taco_batch_11_000026.jpg,0.4056,paper,0.7504,1121,1342,3440,2362
C2,taco_batch_11_000026.jpg,0.2872,paper,0.8043,72,1207,3433,2367
C2,taco_batch_11_000033.jpg,0.9408,metal,0.7867,695,1972,1298,2463
C2,taco_batch_11_000034.jpg,0.4722,glass,0.7813,1698,2063,1823,2117
C2,taco_batch_11_000037.jpg,0.9153,paper,0.9644,2341,1876,2853,2142
C2,taco_batch_11_000037.jpg,0.2547,plastic,0.5817,2644,1386,2874,1490
C2,taco_batch_11_000057.jpg,0.8901,metal,0.9889,1184,2047,1950,2851
C2,taco_batch_11_000057.jpg,0.6881,other,0.5787,2100,3193,2289,3447
C2,taco_batch_11_000057.jpg,0.6641,paper,0.4259,1716,1208,1956,1419
C2,taco_batch_11_000057.jpg,0.416,metal,0.9996,2100,0,2898,839
C2,taco_batch_11_000057.jpg,0.3999,metal,0.874,1340,1422,1463,1536
C2,taco_batch_11_000057.jpg,0.3851,glass,0.5857,575,616,686,800
C2,taco_batch_11_000057.jpg,0.3407,glass,0.6214,0,1907,125,2167
C2,taco_batch_11_000057.jpg,0.2679,metal,0.8618,1092,3122,1259,3268
C2,taco_batch_11_000072.jpg,0.9591,metal,0.997,834,1440,1955,2818
C2,taco_batch_11_000081.jpg,0.8073,paper,0.9602,467,1941,1963,2578
C2,taco_batch_11_000081.jpg,0.6413,paper,0.6836,653,3749,1005,4032
C2,taco_batch_11_000082.jpg,0.9454,plastic,0.9957,899,1205,2007,1983
C2,taco_batch_11_000082.jpg,0.9264,paper,0.9851,1497,1971,2057,2507
C2,taco_batch_11_000082.jpg,0.3495,glass,0.6217,2588,1,2810,87
C2,taco_batch_11_000084.jpg,0.9549,metal,0.6548,566,1958,2477,2986
C2,taco_batch_11_000087.jpg,0.8481,metal,0.9729,561,1757,1958,2477
C2,taco_batch_11_000087.jpg,0.8229,metal,0.9993,535,1278,679,1551
C2,taco_batch_11_000087.jpg,0.8064,metal,0.8777,1710,2026,2057,2227
C2,taco_batch_11_000087.jpg,0.5989,plastic,0.6347,1551,1917,1813,2221
C2,taco_batch_11_000090.jpg,0.9451,metal,0.9917,1250,909,2692,1586
C2,taco_batch_11_000090.jpg,0.8719,paper,0.9721,259,894,446,1177
C2,taco_batch_11_000092.jpg,0.934,paper,0.9053,1521,954,1874,1343
C2,taco_batch_11_000092.jpg,0.889,paper,0.7797,432,1814,600,1945
C2,taco_batch_11_000092.jpg,0.731,glass,0.8774,189,11,359,253
C2,taco_batch_12_000007.jpg,0.9101,paper,0.6252,499,1603,1627,3093
C2,taco_batch_12_000007.jpg,0.8341,metal,0.9539,1497,1906,2805,3545
C2,taco_batch_12_000007.jpg,0.55,other,0.5672,2625,2685,2984,3023
C2,taco_batch_12_000007.jpg,0.3526,paper,0.848,508,1599,1566,2685
C2,taco_batch_12_000013.jpg,0.858,plastic,0.9886,337,721,2080,2303
C2,taco_batch_12_000013.jpg,0.8046,plastic,0.9953,1087,730,2076,1671
C2,taco_batch_12_000013.jpg,0.6881,plastic,0.8042,1808,736,2073,1011
C2,taco_batch_12_000014.jpg,0.9507,metal,0.9517,955,1663,2110,2740
C2,taco_batch_12_000043.jpg,0.8899,plastic,0.7985,746,2226,1019,2437
C2,taco_batch_12_000043.jpg,0.8404,metal,0.9499,2343,1331,2473,1478
C2,taco_batch_12_000043.jpg,0.3811,metal,0.8609,2251,2234,2405,2336
C2,taco_batch_12_000043.jpg,0.3158,plastic,0.9793,2341,1330,2793,1777
C2,taco_batch_12_000088.jpg,0.9099,paper,0.8096,3030,255,3617,627
C2,taco_batch_12_000088.jpg,0.9097,glass,0.8358,1744,2053,2057,2842
C2,taco_batch_12_000088.jpg,0.887,metal,0.4909,504,2190,757,2498
C2,taco_batch_12_000088.jpg,0.6296,metal,0.9999,55,0,1916,567
C2,taco_batch_12_000088.jpg,0.564,metal,0.8639,3669,574,3951,779
C2,taco_batch_12_000088.jpg,0.4885,paper,0.4222,0,0,686,276
C2,taco_batch_12_000088.jpg,0.3787,metal,0.9486,2494,1686,2600,1799
C2,taco_batch_12_000088.jpg,0.3695,glass,0.6177,2497,1695,2684,1802
C2,taco_batch_12_000088.jpg,0.2693,metal,0.817,3015,3053,3379,3120
C2,taco_batch_12_000094.jpg,0.9053,plastic,0.9864,1296,1429,2030,3968
C2,taco_batch_12_000094.jpg,0.3795,other,0.9929,2777,655,3117,1065
C2,taco_batch_12_000094.jpg,0.301,other,0.999,2774,659,3012,1052
C2,taco_batch_12_000097.jpg,0.8401,other,0.9877,754,1848,2497,3912
C2,taco_batch_12_000097.jpg,0.8366,paper,0.8699,1313,182,1521,284
C2,taco_batch_12_000097.jpg,0.4943,paper,0.8519,2300,1474,2600,1617
C2,taco_batch_13_000007.jpg,0.8969,paper,0.6033,606,879,1654,2246
C2,taco_batch_13_000007.jpg,0.8071,paper,0.9971,3019,998,3238,1136
C2,taco_batch_13_000007.jpg,0.3714,paper,0.9879,3140,2608,4160,3119
C2,taco_batch_13_000010.jpg,0.888,plastic,0.7444,167,51,2561,1709
C2,taco_batch_13_000010.jpg,0.4192,plastic,0.9903,848,815,3628,1700
C2,taco_batch_13_000010.jpg,0.4152,plastic,0.8183,576,36,3672,1719
C2,taco_batch_13_000015.jpg,0.5415,plastic,0.6068,147,2184,516,2462
C2,taco_batch_13_000015.jpg,0.2544,plastic,0.765,6,1620,1754,3646
C2,taco_batch_13_000015.jpg,0.2521,paper,0.9994,9,1177,904,3338
C2,taco_batch_13_000021.jpg,0.7813,metal,0.4338,1450,1128,3231,1487
C2,taco_batch_13_000025.jpg,0.5465,paper,0.7621,1481,933,1896,1063
C2,taco_batch_13_000025.jpg,0.3945,paper,0.7521,840,3301,1127,3649
C2,taco_batch_13_000025.jpg,0.3361,other,0.8528,1179,3361,1311,3622
C2,taco_batch_13_000025.jpg,0.3353,glass,0.544,2122,1642,2171,1731
C2,taco_batch_13_000025.jpg,0.3273,metal,0.9986,562,4036,615,4099
C2,taco_batch_13_000042.jpg,0.9081,plastic,0.9774,949,1143,1899,3404
C2,taco_batch_13_000046.jpg,0.7992,metal,0.9728,908,185,3378,2645
C2,taco_batch_13_000046.jpg,0.611,paper,0.7048,945,160,3327,1857
C2,taco_batch_13_000047.jpg,0.7922,paper,0.8602,179,1734,1628,2314
C2,taco_batch_13_000047.jpg,0.5763,paper,0.8771,3075,310,3801,2462
C2,taco_batch_13_000047.jpg,0.5143,plastic,0.4984,176,1846,685,2219
C2,taco_batch_13_000047.jpg,0.47,paper,0.9549,205,1709,1642,2108
C2,taco_batch_13_000047.jpg,0.3186,paper,0.9812,2883,177,3888,2463
C2,taco_batch_13_000051.jpg,0.5253,paper,0.9994,1905,903,3273,2464
C2,taco_batch_13_000051.jpg,0.4441,glass,0.9093,2169,1008,2391,1489
C2,taco_batch_13_000053.jpg,0.9241,other,0.628,2927,1148,3746,1807
C2,taco_batch_13_000053.jpg,0.7059,paper,0.6262,3741,2063,3927,2189
C2,taco_batch_13_000053.jpg,0.4627,metal,0.7572,1367,1255,1658,1513
C2,taco_batch_13_000054.jpg,0.917,metal,0.5808,1306,2405,1641,2751
C2,taco_batch_13_000054.jpg,0.9134,plastic,0.9933,1165,2155,1503,2427
C2,taco_batch_13_000054.jpg,0.905,paper,0.9973,851,624,2408,2171
C2,taco_batch_13_000054.jpg,0.8951,other,0.5276,2356,913,2941,1453
C2,taco_batch_13_000054.jpg,0.8875,glass,0.6849,3501,1270,3795,1695
C2,taco_batch_13_000054.jpg,0.8718,plastic,0.8912,2016,2237,2264,2607
C2,taco_batch_13_000054.jpg,0.8494,other,0.4843,1011,2367,1285,2708
C2,taco_batch_13_000054.jpg,0.8122,plastic,0.9841,779,2150,1015,2638
C2,taco_batch_13_000054.jpg,0.811,glass,0.685,1359,2101,1714,2319
C2,taco_batch_13_000054.jpg,0.8063,plastic,0.8991,778,2144,1161,2640
C2,taco_batch_13_000054.jpg,0.7591,glass,0.916,1117,1835,1300,2128
C2,taco_batch_13_000054.jpg,0.7432,metal,0.5962,1849,1687,2171,2044
C2,taco_batch_13_000054.jpg,0.72,glass,0.9134,928,1837,1144,2177
C2,taco_batch_13_000054.jpg,0.3423,glass,0.9427,1817,462,1907,549
C2,taco_batch_13_000059.jpg,0.9611,paper,0.7322,852,2619,2022,3671
C2,taco_batch_13_000059.jpg,0.9194,paper,0.9993,1824,1650,3024,2737
C2,taco_batch_13_000059.jpg,0.8537,metal,0.9708,1544,651,3024,1724
C2,taco_batch_13_000059.jpg,0.6585,metal,0.6265,586,597,3024,1753
C2,taco_batch_13_000059.jpg,0.407,plastic,0.6924,1181,1372,1823,1932
C2,taco_batch_13_000059.jpg,0.365,metal,0.823,12,428,2508,2037
C2,taco_batch_13_000059.jpg,0.2509,metal,0.6881,639,423,2143,2037
C2,taco_batch_13_000068.jpg,0.9219,glass,0.9727,1377,2390,2060,2988
C2,taco_batch_13_000068.jpg,0.8463,paper,0.5233,1474,613,1651,810
C2,taco_batch_13_000068.jpg,0.6499,glass,0.5926,140,2451,417,2664
C2,taco_batch_13_000068.jpg,0.3294,paper,0.8287,1579,794,2171,1778
C2,taco_batch_13_000073.jpg,0.866,plastic,0.914,1687,1004,2448,1737
C2,taco_batch_13_000074.jpg,0.9092,metal,0.8913,911,327,2636,2461
C2,taco_batch_13_000076.jpg,0.7233,paper,0.9119,959,671,2318,3868
C2,taco_batch_13_000076.jpg,0.717,glass,0.7894,1247,264,1540,710
C2,taco_batch_13_000076.jpg,0.3176,paper,0.544,871,741,2103,3545
C2,taco_batch_13_000081.jpg,0.9602,plastic,0.9152,924,1677,2005,2737
C2,taco_batch_13_000083.jpg,0.9102,plastic,0.5794,953,869,3100,2301
C2,taco_batch_13_000083.jpg,0.8433,paper,0.5921,3634,675,3815,895
C2,taco_batch_13_000083.jpg,0.7506,paper,0.3553,2440,692,3585,1581
C2,taco_batch_13_000083.jpg,0.7026,metal,0.4216,3363,2102,3533,2224
C2,taco_batch_13_000083.jpg,0.5987,other,0.5959,2788,694,3579,1575
C2,taco_batch_13_000083.jpg,0.3661,metal,0.818,3797,2565,3882,2683
C2,taco_batch_13_000085.jpg,0.9691,plastic,0.5243,721,1370,2422,2543
C2,taco_batch_13_000085.jpg,0.6389,paper,0.8676,0,3165,1480,4160
C2,taco_batch_13_000086.jpg,0.919,plastic,0.6632,962,625,2370,3074
C2,taco_batch_13_000091.jpg,0.6708,metal,0.9982,0,895,3056,3767
C2,taco_batch_13_000096.jpg,0.5259,paper,0.9522,744,805,3464,2548
C2,taco_batch_13_000097.jpg,0.8566,plastic,0.9948,1890,1228,2650,1544
C2,taco_batch_13_000097.jpg,0.7404,metal,0.6032,2143,2504,2302,2611
C2,taco_batch_13_000097.jpg,0.5276,paper,0.8391,3985,1452,4160,1614
C2,taco_batch_13_000097.jpg,0.3992,paper,0.9805,1284,980,1846,1322
C2,taco_batch_13_000097.jpg,0.3154,metal,0.6377,2431,542,2611,681
C2,taco_batch_14_000000.jpg,0.8857,metal,0.6542,864,564,3453,1921
C2,taco_batch_14_000002.jpg,0.7841,paper,0.963,1055,0,3618,2363
C2,taco_batch_14_000002.jpg,0.655,paper,0.9899,1075,70,3600,1013
C2,taco_batch_14_000005.jpg,0.8331,glass,0.911,1415,2792,1668,2955
C2,taco_batch_14_000034.jpg,0.9239,paper,0.739,1322,1855,1676,2282
C2,taco_batch_14_000034.jpg,0.767,paper,0.8426,858,225,973,395
C2,taco_batch_14_000034.jpg,0.4658,paper,0.5811,1761,3824,1889,3924
C2,taco_batch_14_000041.jpg,0.8161,glass,0.5697,2247,629,2377,807
C2,taco_batch_14_000041.jpg,0.4825,paper,0.6515,2217,2650,2320,2781
C2,taco_batch_14_000041.jpg,0.4389,plastic,0.5272,1029,1610,1361,2883
C2,taco_batch_14_000041.jpg,0.3419,plastic,0.5771,956,1632,1324,2841
C2,taco_batch_14_000041.jpg,0.3337,plastic,0.9792,1168,1065,1489,1268
C2,taco_batch_14_000044.jpg,0.5786,paper,0.8336,1115,1994,1512,2390
C2,taco_batch_14_000044.jpg,0.4232,paper,0.4706,603,3052,896,3418
C2,taco_batch_14_000054.jpg,0.6689,paper,0.9608,2041,1796,3107,2447
C2,taco_batch_14_000054.jpg,0.5523,paper,0.9949,263,1883,912,2001
C2,taco_batch_14_000054.jpg,0.5466,paper,0.9683,2058,1791,2547,2091
C2,taco_batch_14_000054.jpg,0.3807,glass,0.907,2499,2290,3099,2460
C2,taco_batch_14_000054.jpg,0.2851,paper,0.8754,2362,1800,3108,2465
C2,taco_batch_14_000074.jpg,0.9158,metal,0.7492,678,2452,1505,3361
C2,taco_batch_14_000082.jpg,0.8141,metal,1.0,1457,1762,2009,3117
C2,taco_batch_14_000082.jpg,0.71,glass,0.9999,110,508,248,1018
C2,taco_batch_14_000082.jpg,0.4673,glass,0.7533,151,2480,288,2881
C2,taco_batch_14_000082.jpg,0.324,glass,0.6085,2142,0,2359,110
C2,taco_batch_14_000082.jpg,0.3118,glass,0.9791,328,2970,519,3171
C2,taco_batch_14_000091.jpg,0.9323,metal,0.9675,1434,2137,1778,2490
C2,taco_batch_14_000092.jpg,0.6284,metal,0.9267,1438,2006,1649,2121
C2,taco_batch_14_000092.jpg,0.3867,paper,0.3308,0,0,558,419
C2,taco_batch_14_000092.jpg,0.347,paper,0.8832,1834,1307,2047,1386
C2,taco_batch_14_000092.jpg,0.3303,paper,0.8712,1429,1995,1713,2123
C2,taco_batch_15_000010.jpg,0.8835,metal,0.6839,587,1037,1367,1795
C2,taco_batch_15_000010.jpg,0.7267,metal,0.9447,1057,1460,1754,2211
C2,taco_batch_15_000010.jpg,0.4886,paper,0.9853,513,3894,1117,4032
C2,taco_batch_15_000010.jpg,0.3842,metal,0.5173,1337,78,1490,171
C2,taco_batch_15_000013.jpg,0.9328,metal,0.9902,790,2240,1287,2753
C2,taco_batch_15_000013.jpg,0.8501,glass,0.9982,708,864,898,996
C2,taco_batch_15_000013.jpg,0.799,glass,0.9998,431,810,540,1030
C2,taco_batch_15_000013.jpg,0.73,paper,0.7144,516,1095,802,1305
C2,taco_batch_15_000013.jpg,0.7226,metal,0.9995,1533,3242,1996,3822
C2,taco_batch_15_000013.jpg,0.3208,glass,0.9595,516,779,672,870
C2,taco_batch_15_000013.jpg,0.2818,metal,0.9672,1782,2503,2210,2703
C2,taco_batch_15_000013.jpg,0.2785,glass,0.9993,509,796,630,918
C2,taco_batch_15_000013.jpg,0.2765,metal,1.0,2343,2041,2847,2614
C2,taco_batch_15_000013.jpg,0.2742,metal,0.975,613,2811,1487,3996
C2,taco_batch_15_000015.jpg,0.8533,metal,0.9065,711,1416,821,1573
C2,taco_batch_15_000015.jpg,0.8126,glass,0.4952,2919,1122,2994,1185
C2,taco_batch_15_000015.jpg,0.695,metal,0.9334,1194,1013,1322,1066
C2,taco_batch_15_000015.jpg,0.6938,metal,0.9972,1437,1398,1531,1490
C2,taco_batch_15_000015.jpg,0.6859,glass,0.4811,714,857,769,888
C2,taco_batch_15_000015.jpg,0.6274,paper,0.4308,1315,877,1401,914
C2,taco_batch_15_000015.jpg,0.5148,metal,0.9458,1334,2081,1696,2336
C2,taco_batch_15_000015.jpg,0.4524,metal,0.9915,1331,2083,2085,2448
C2,taco_batch_15_000015.jpg,0.3686,metal,0.9875,1354,1861,1421,1918
C2,taco_batch_15_000020.jpg,0.8227,metal,1.0,1745,45,1836,161
C2,taco_batch_15_000020.jpg,0.5294,metal,0.9634,1046,847,1245,1063
C2,taco_batch_15_000020.jpg,0.4535,metal,0.9997,491,0,612,108
C2,taco_batch_15_000020.jpg,0.4437,glass,0.9999,642,48,696,133
C2,taco_batch_15_000020.jpg,0.3569,metal,0.8501,1084,921,1197,1063
C2,taco_batch_15_000020.jpg,0.332,plastic,0.536,1062,788,1246,1043
C2,taco_batch_15_000020.jpg,0.2741,metal,0.9805,1121,787,1244,1015
C2,taco_batch_15_000026.jpg,0.8736,metal,0.9206,324,1514,494,1771
C2,taco_batch_15_000026.jpg,0.5437,paper,0.7692,0,1034,167,1231
C2,taco_batch_15_000044.jpg,0.9132,metal,0.9997,614,1116,745,1263
C2,taco_batch_15_000044.jpg,0.4046,paper,0.9627,0,1017,397,1309
C2,taco_batch_15_000044.jpg,0.2719,metal,0.826,1480,513,1536,660
C2,taco_batch_15_000047.jpg,0.9247,metal,0.8543,1600,2665,1885,2979
C2,taco_batch_15_000047.jpg,0.7465,metal,0.8035,1932,3042,2042,3285
C2,taco_batch_15_000047.jpg,0.3404,paper,0.9974,1944,2704,2320,2950
C2,taco_batch_15_000047.jpg,0.3286,paper,0.9844,686,1090,1683,2029
C2,taco_batch_15_000047.jpg,0.2657,paper,0.9945,1614,634,1972,1035
C2,taco_batch_15_000049.jpg,0.8703,paper,0.9998,1609,2848,1925,3026
C2,taco_batch_15_000049.jpg,0.6416,metal,0.5467,127,1954,228,2047
C2,taco_batch_15_000049.jpg,0.6268,paper,0.9999,1515,1015,2392,3215
C2,taco_batch_15_000050.jpg,0.4537,paper,0.7261,1063,225,1146,301
C2,taco_batch_15_000050.jpg,0.349,paper,1.0,1410,2788,1537,3467
C2,taco_batch_15_000054.jpg,0.8772,metal,0.9936,1367,2098,1790,2561
C2,taco_batch_15_000056.jpg,0.9533,metal,0.9823,699,453,1981,1373
C2,taco_batch_15_000056.jpg,0.8856,paper,0.7621,1168,1371,1446,1719
C2,taco_batch_15_000056.jpg,0.8518,metal,0.5156,972,3243,1217,3887
C2,taco_batch_15_000056.jpg,0.254,other,0.6057,470,3475,904,3832
C2,taco_batch_15_000058.jpg,0.9439,plastic,0.8941,1455,1793,1946,2686
C2,taco_batch_15_000058.jpg,0.5578,paper,0.98,1740,1782,1948,1889
C2,taco_batch_15_000058.jpg,0.446,paper,0.9183,654,327,1138,549
C2,taco_batch_15_000058.jpg,0.3306,metal,0.5215,1173,2471,1212,2508
C2,taco_batch_15_000062.jpg,0.8969,plastic,0.9322,1106,962,1703,1534
C2,taco_batch_15_000062.jpg,0.8703,plastic,0.9414,621,121,943,213
C2,taco_batch_15_000062.jpg,0.6962,glass,0.831,1184,871,1235,907
C2,taco_batch_15_000073.jpg,0.8791,plastic,0.519,671,915,983,1243
C2,taco_batch_15_000081.jpg,0.9258,plastic,0.5923,842,893,992,1065
C2,taco_batch_1_000004.jpg,0.8838,metal,0.9978,650,53,741,141
C2,taco_batch_1_000014.jpg,0.8808,paper,0.6354,668,982,1189,1229
C2,taco_batch_1_000014.jpg,0.7971,plastic,0.492,397,1032,678,1309
C2,taco_batch_1_000014.jpg,0.7189,paper,0.5042,306,1948,393,2049
C2,taco_batch_1_000014.jpg,0.3032,metal,0.8824,0,945,49,1098
C2,taco_batch_1_000014.jpg,0.2504,glass,0.9993,343,981,390,1032
C2,taco_batch_1_000021.jpg,0.4498,paper,0.955,963,701,1259,888
C2,taco_batch_1_000021.jpg,0.3185,paper,1.0,778,0,2039,1096
C2,taco_batch_1_000021.jpg,0.2818,paper,0.9859,840,677,1268,887
C2,taco_batch_1_000027.jpg,0.9045,paper,0.9905,654,719,1120,1355
C2,taco_batch_1_000038.jpg,0.9187,metal,0.6628,800,410,1215,757
C2,taco_batch_1_000038.jpg,0.9058,metal,0.9848,1492,636,1905,1124
C2,taco_batch_1_000038.jpg,0.8347,metal,0.9998,236,685,639,1154
C2,taco_batch_1_000038.jpg,0.7215,metal,0.76,390,765,501,845
C2,taco_batch_1_000038.jpg,0.6545,metal,1.0,241,684,582,926
C2,taco_batch_1_000038.jpg,0.4797,metal,0.8497,389,763,551,845
C2,taco_batch_1_000038.jpg,0.3476,metal,0.9384,1720,731,1898,865
C2,taco_batch_1_000038.jpg,0.3021,glass,0.9999,0,114,57,630
C2,taco_batch_1_000038.jpg,0.2621,metal,1.0,1573,637,1904,871
C2,taco_batch_1_000049.jpg,0.9131,paper,0.8273,399,502,883,1239
C2,taco_batch_1_000061.jpg,0.9028,paper,0.9905,272,720,938,1560
C2,taco_batch_1_000065.jpg,0.933,metal,0.9998,1418,1290,2004,1876
C2,taco_batch_1_000065.jpg,0.6086,paper,0.5318,50,14,2383,1611
C2,taco_batch_1_000065.jpg,0.3748,plastic,0.8805,2996,1386,3264,1702
C2,taco_batch_1_000070.jpg,0.9179,glass,0.9553,1046,1116,1285,1734
C2,taco_batch_1_000087.jpg,0.9166,metal,0.7159,1018,1124,1377,1521
C2,taco_batch_1_000087.jpg,0.9085,plastic,0.8412,544,406,851,595
C2,taco_batch_1_000087.jpg,0.8905,plastic,0.7481,182,340,501,538
C2,taco_batch_1_000087.jpg,0.3958,glass,0.8102,151,818,211,887
C2,taco_batch_1_000115.jpg,0.9398,plastic,0.7029,359,519,1057,836
C2,taco_batch_1_000115.jpg,0.9195,paper,0.9892,1512,1059,2078,1590
C2,taco_batch_1_000115.jpg,0.8923,paper,0.9095,2271,786,2594,964
C2,taco_batch_1_000115.jpg,0.663,metal,0.9064,986,517,1058,620
C2,taco_batch_1_000115.jpg,0.5692,paper,0.5138,481,499,568,537
C2,taco_batch_1_000124.jpg,0.9432,metal,0.6218,1301,2099,1702,2562
C2,taco_batch_1_000124.jpg,0.7576,plastic,1.0,74,130,2305,1627
C2,taco_batch_1_000124.jpg,0.3768,metal,0.9264,520,1590,1384,2960
C2,taco_batch_2_000018.jpg,0.8678,metal,0.5955,988,734,1112,781
C2,taco_batch_2_000018.jpg,0.3201,paper,0.946,2147,2280,2448,2441
C2,taco_batch_2_000018.jpg,0.2795,metal,0.7161,1,2519,116,2895
C2,taco_batch_2_000022.jpg,0.7203,paper,0.8714,1262,1765,1505,1918
C2,taco_batch_2_000022.jpg,0.6536,glass,0.9928,1232,1132,1274,1233
C2,taco_batch_2_000022.jpg,0.5614,paper,0.9598,1506,1722,1558,1755
C2,taco_batch_2_000022.jpg,0.485,metal,0.9993,1340,1180,1397,1239
C2,taco_batch_2_000022.jpg,0.4829,metal,0.934,1224,1716,1253,1744
C2,taco_batch_2_000022.jpg,0.4245,paper,0.7011,571,167,603,209
C2,taco_batch_2_000022.jpg,0.4102,paper,0.7185,1443,205,1471,232
C2,taco_batch_2_000022.jpg,0.3536,paper,0.3751,1848,165,1905,194
C2,taco_batch_2_000022.jpg,0.3052,plastic,0.5654,372,222,402,239
C2,taco_batch_2_000022.jpg,0.2751,plastic,0.5018,570,164,658,217
C2,taco_batch_2_000022.jpg,0.2583,paper,0.6653,532,174,598,210
C2,taco_batch_2_000023.jpg,0.8545,paper,0.9879,385,317,658,511
C2,taco_batch_2_000023.jpg,0.2879,metal,0.5013,1103,251,2464,1439
C2,taco_batch_2_000026.jpg,0.8963,paper,0.7493,2622,911,2906,1082
C2,taco_batch_2_000026.jpg,0.816,paper,0.5923,721,921,892,1055
C2,taco_batch_2_000026.jpg,0.8106,paper,0.6002,1945,962,2106,1085
C2,taco_batch_2_000026.jpg,0.7826,metal,0.5264,422,1379,567,1507
C2,taco_batch_2_000026.jpg,0.3389,paper,0.9994,1799,0,3264,416
C2,taco_batch_2_000026.jpg,0.2606,paper,0.5066,3088,991,3254,1091
C2,taco_batch_2_000038.jpg,0.8852,paper,0.9174,1626,1587,1847,1759
C2,taco_batch_2_000040.jpg,0.7586,metal,0.9708,1337,1022,1454,1105
C2,taco_batch_2_000040.jpg,0.4654,glass,0.4287,1264,1021,1455,1102
C2,taco_batch_2_000040.jpg,0.446,paper,0.9126,1266,1041,1333,1099
C2,taco_batch_2_000040.jpg,0.327,paper,0.7614,0,2302,1144,3264
C2,taco_batch_2_000048.jpg,0.8159,paper,0.9689,1230,1522,1449,1797
C2,taco_batch_2_000048.jpg,0.7856,metal,0.8281,1839,1535,1911,1742
C2,taco_batch_2_000048.jpg,0.3298,plastic,0.4675,287,980,324,1000
C2,taco_batch_2_000048.jpg,0.2947,paper,0.4167,2163,1040,2190,1061
C2,taco_batch_2_000052.jpg,0.8696,glass,0.5035,169,768,244,863
C2,taco_batch_2_000052.jpg,0.7987,paper,0.9991,813,2370,1026,2496
C2,taco_batch_2_000052.jpg,0.7625,glass,0.9402,41,1881,128,1925
C2,taco_batch_2_000052.jpg,0.6952,paper,0.7808,783,1253,882,1335
C2,taco_batch_2_000052.jpg,0.6279,paper,0.868,1313,2243,1391,2325
C2,taco_batch_2_000052.jpg,0.4396,paper,0.3738,771,1666,821,1711
C2,taco_batch_2_000052.jpg,0.3998,glass,0.9561,113,1179,158,1273
C2,taco_batch_2_000052.jpg,0.3183,metal,0.5702,799,121,851,285
C2,taco_batch_2_000052.jpg,0.2889,metal,0.5994,1678,1868,1729,1916
C2,taco_batch_2_000074.jpg,0.8439,metal,0.9956,1285,1156,1363,1366
C2,taco_batch_2_000074.jpg,0.7311,metal,0.9966,1089,739,1220,1103
C2,taco_batch_2_000074.jpg,0.6535,metal,0.7763,2464,1040,2623,1105
C2,taco_batch_2_000074.jpg,0.6044,paper,0.9518,2650,895,2716,929
C2,taco_batch_2_000074.jpg,0.5864,glass,0.9354,1659,159,1700,250
C2,taco_batch_2_000074.jpg,0.4898,metal,0.5458,1098,894,1219,1104
C2,taco_batch_2_000074.jpg,0.3801,metal,0.601,2555,507,2594,546
C2,taco_batch_2_000074.jpg,0.3518,metal,0.8855,2904,803,2970,865
C2,taco_batch_2_000074.jpg,0.2517,glass,0.8419,2464,1055,2618,1101
C2,taco_batch_2_000081.jpg,0.9464,paper,0.9944,1018,1636,1497,2082
C2,taco_batch_2_000081.jpg,0.4364,plastic,0.6936,19,2548,92,2600
C2,taco_batch_2_000083.jpg,0.8598,metal,0.9975,1113,1470,1424,1728
C2,taco_batch_2_000083.jpg,0.5329,glass,0.9735,469,2632,651,2783
C2,taco_batch_2_000083.jpg,0.2899,metal,0.9927,1190,1473,1421,1715
C2,taco_batch_3_IMG_4855.jpg,0.9477,paper,0.983,1244,959,1600,1358
C2,taco_batch_3_IMG_4855.jpg,0.4985,metal,0.9889,2047,295,2085,353
C2,taco_batch_3_IMG_4855.jpg,0.3005,paper,0.7215,1715,176,1749,229
C2,taco_batch_3_IMG_4857.jpg,0.8859,plastic,0.9942,1538,740,1796,976
C2,taco_batch_3_IMG_4862.jpg,0.9117,paper,0.9973,1137,1288,1534,1783
C2,taco_batch_3_IMG_4862.jpg,0.6914,paper,0.7504,1123,1854,1253,1898
C2,taco_batch_3_IMG_4862.jpg,0.6588,glass,0.9826,660,1027,738,1224
C2,taco_batch_3_IMG_4862.jpg,0.5435,glass,0.6923,806,1512,837,1581
C2,taco_batch_3_IMG_4862.jpg,0.343,glass,0.9926,795,1514,835,1580
C2,taco_batch_3_IMG_4862.jpg,0.3166,paper,0.574,631,332,699,363
C2,taco_batch_3_IMG_4868.jpg,0.9444,metal,0.9995,714,351,1406,1499
C2,taco_batch_3_IMG_4868.jpg,0.6451,metal,0.9733,714,358,1396,997
C2,taco_batch_3_IMG_4868.jpg,0.3243,plastic,0.9979,1073,487,1205,638
C2,taco_batch_3_IMG_4874.jpg,0.7066,paper,1.0,224,1640,1967,3034
C2,taco_batch_3_IMG_4874.jpg,0.6975,plastic,0.6973,222,277,1438,1793
C2,taco_batch_3_IMG_4874.jpg,0.5326,paper,1.0,872,1414,2448,2611
C2,taco_batch_3_IMG_4874.jpg,0.4673,paper,1.0,852,1436,1968,3005
C2,taco_batch_3_IMG_4875.jpg,0.9319,paper,0.9592,2120,2,2907,812
C2,taco_batch_3_IMG_4875.jpg,0.6714,paper,1.0,187,378,2506,2398
C2,taco_batch_3_IMG_4878.jpg,0.9004,paper,0.9992,564,17,2093,847
C2,taco_batch_3_IMG_4878.jpg,0.7988,paper,0.9952,822,1170,2457,2383
C2,taco_batch_3_IMG_4879.jpg,0.8926,paper,0.9983,704,694,2051,2516
C2,taco_batch_3_IMG_4881.jpg,0.9207,metal,0.8175,632,1862,809,2010
C2,taco_batch_3_IMG_4881.jpg,0.8026,paper,0.6411,738,1678,814,1770
C2,taco_batch_3_IMG_4881.jpg,0.6001,glass,0.8064,879,2076,927,2147
C2,taco_batch_3_IMG_4902.jpg,0.8863,paper,0.9981,1166,1069,1520,1326
C2,taco_batch_3_IMG_4902.jpg,0.435,metal,0.8144,709,2999,917,3264
C2,taco_batch_3_IMG_4902.jpg,0.3216,metal,0.9822,2311,2843,2382,2945
C2,taco_batch_3_IMG_4919.jpg,0.8994,paper,0.8292,1118,2156,1431,2290
C2,taco_batch_3_IMG_4972.jpg,0.6431,metal,0.9996,2138,681,2367,808
C2,taco_batch_3_IMG_4972.jpg,0.6403,metal,0.901,1183,2404,1259,2462
C2,taco_batch_3_IMG_4972.jpg,0.6355,metal,0.6135,1569,265,1642,316
C2,taco_batch_3_IMG_4972.jpg,0.5966,metal,0.9975,1796,833,1931,1003
C2,taco_batch_3_IMG_4972.jpg,0.4763,metal,0.976,1505,1401,1594,1498
C2,taco_batch_3_IMG_5003.jpg,0.8024,paper,0.7084,1151,2083,1366,2143
C2,taco_batch_3_IMG_5003.jpg,0.5859,metal,0.9646,1271,2497,1402,2578
C2,taco_batch_3_IMG_5003.jpg,0.4293,metal,0.9968,2252,1420,2448,1554
C2,taco_batch_3_IMG_5037.jpg,0.9375,other,0.9938,995,1842,1317,2184
C2,taco_batch_3_IMG_5037.jpg,0.6217,glass,0.9985,1128,2530,1192,2628
C2,taco_batch_3_IMG_5045.jpg,0.9257,glass,0.5847,784,1943,1233,2394
C2,taco_batch_3_IMG_5045.jpg,0.8917,paper,0.9998,1163,1408,2326,2536
C2,taco_batch_3_IMG_5045.jpg,0.3334,glass,0.9992,942,1945,1219,2394
C2,taco_batch_3_IMG_5063.jpg,0.9457,paper,1.0,572,846,2182,2242
C2,taco_batch_3_IMG_5063.jpg,0.9239,metal,0.7136,2009,395,2618,1004
C2,taco_batch_3_IMG_5063.jpg,0.5717,paper,0.9808,1449,1448,1687,1663
C2,taco_batch_4_000002.jpg,0.7459,paper,0.9987,1181,3003,1380,3145
C2,taco_batch_4_000002.jpg,0.6103,paper,0.878,1110,3173,1257,3264
C2,taco_batch_4_000002.jpg,0.3792,glass,0.9695,2216,1730,2251,1796
C2,taco_batch_4_000002.jpg,0.3361,glass,0.5654,1453,2749,1494,2781
C2,taco_batch_4_000002.jpg,0.3265,paper,0.4147,1514,2406,1552,2435
C2,taco_batch_4_000005.jpg,0.6307,paper,0.8278,1593,856,1833,1044
C2,taco_batch_4_000005.jpg,0.4823,metal,0.4069,1902,1018,1961,1042
C2,taco_batch_4_000027.jpg,0.9283,paper,0.9865,913,1952,1281,2239
C2,taco_batch_4_000027.jpg,0.2682,paper,0.7722,931,2385,1024,2484
C2,taco_batch_4_000049.jpg,0.8425,metal,0.5068,973,1951,1155,2154
C2,taco_batch_4_000049.jpg,0.5175,paper,0.9938,390,808,825,965
C2,taco_batch_4_000057.jpg,0.7818,metal,0.9964,707,1511,1078,1608
C2,taco_batch_4_000059.jpg,0.9113,paper,0.9241,1262,1650,1764,1913
C2,taco_batch_4_000065.jpg,0.8743,metal,0.7762,1565,1281,1768,1422
C2,taco_batch_4_000065.jpg,0.2641,metal,0.9981,2576,1237,2683,1335
C2,taco_batch_4_000079.jpg,0.8119,paper,0.8626,1149,1586,1374,1801
C2,taco_batch_4_000079.jpg,0.7578,paper,0.9769,1045,635,1314,823
C2,taco_batch_4_000079.jpg,0.626,paper,0.7155,2923,1385,3259,1571
C2,taco_batch_4_000079.jpg,0.547,paper,0.6815,1547,424,1903,603
C2,taco_batch_4_000079.jpg,0.5114,paper,0.9804,1950,166,2308,352
C2,taco_batch_4_000084.jpg,0.8512,paper,0.9997,1500,1109,1614,1376
C2,taco_batch_4_000085.jpg,0.8931,metal,0.5873,978,1262,1211,1368
C2,taco_batch_4_000085.jpg,0.3255,paper,0.9893,2982,1348,3102,1437
C2,taco_batch_4_000096.jpg,0.9286,paper,0.3763,988,2133,1158,2346
C2,taco_batch_4_000096.jpg,0.5537,glass,0.9421,1181,2157,1277,2270
C2,taco_batch_4_000096.jpg,0.3679,paper,0.9925,0,820,63,955
C2,taco_batch_4_000096.jpg,0.2905,paper,0.9991,306,992,490,1162
C2,taco_batch_5_000000.jpg,0.902,glass,0.5225,950,2472,1106,2656
C2,taco_batch_5_000000.jpg,0.8249,paper,0.6255,996,1865,1188,2118
C2,taco_batch_5_000000.jpg,0.737,glass,0.9667,1254,1870,1301,1987
C2,taco_batch_5_000002.jpg,0.9299,paper,0.9988,1413,1274,1643,1517
C2,taco_batch_5_000002.jpg,0.7422,glass,0.9853,880,325,933,387
C2,taco_batch_5_000002.jpg,0.3562,metal,0.6761,1920,1766,1955,1807
C2,taco_batch_5_000014.jpg,0.8962,plastic,0.9317,1516,1433,1814,1676
C2,taco_batch_5_000017.jpg,0.9359,plastic,0.974,907,1122,1364,1447
C2,taco_batch_5_000017.jpg,0.3656,paper,0.9425,2192,2286,2447,2768
C2,taco_batch_5_000027.jpg,0.7289,paper,0.9975,0,257,1560,2193
C2,taco_batch_5_000027.jpg,0.4827,paper,0.9977,0,0,2447,1226
C2,taco_batch_5_000027.jpg,0.2804,paper,0.9973,72,0,2448,1710
C2,taco_batch_5_000027.jpg,0.2792,plastic,0.4258,1394,895,1491,1031
C2,taco_batch_5_000028.jpg,0.9205,paper,0.7839,1060,1727,1402,2389
C2,taco_batch_5_000028.jpg,0.5444,paper,0.6408,197,2682,239,2773
C2,taco_batch_5_000030.jpg,0.8748,paper,0.9513,1154,1565,1329,1864
C2,taco_batch_5_000030.jpg,0.4269,metal,0.923,1312,590,1451,1085
C2,taco_batch_5_000036.jpg,0.8571,glass,0.9978,1360,1657,1572,1861
C2,taco_batch_5_000036.jpg,0.7785,glass,0.4801,127,643,431,736
C2,taco_batch_5_000036.jpg,0.4974,paper,0.4547,505,983,638,1094
C2,taco_batch_5_000036.jpg,0.4552,glass,0.9981,1509,1831,1723,2142
C2,taco_batch_5_000036.jpg,0.3794,paper,0.742,319,3151,601,3264
C2,taco_batch_5_000036.jpg,0.264,glass,0.947,1960,81,2153,174
C2,taco_batch_5_000039.jpg,0.5945,paper,0.8829,1068,985,1345,1621
C2,taco_batch_5_000039.jpg,0.3146,paper,0.5893,1629,2180,1892,2594
C2,taco_batch_5_000040.jpg,0.9328,plastic,0.9387,2049,988,2524,1362
C2,taco_batch_5_000040.jpg,0.5972,metal,0.5329,910,141,1016,283
C2,taco_batch_5_000040.jpg,0.2869,glass,0.8688,1339,1,1415,75
C2,taco_batch_5_000046.jpg,0.9071,metal,0.9837,1063,1421,1387,1861
C2,taco_batch_5_000046.jpg,0.4827,paper,0.906,1261,376,1310,511
C2,taco_batch_5_000047.jpg,0.9256,glass,0.7909,1618,1263,1823,1498
C2,taco_batch_5_000047.jpg,0.8879,glass,0.9998,2145,1211,2273,1353
C2,taco_batch_5_000047.jpg,0.7192,glass,0.9955,1862,1648,1906,1819
C2,taco_batch_5_000052.jpg,0.6264,glass,0.7156,1498,978,1610,1220
C2,taco_batch_5_000052.jpg,0.3387,glass,0.8785,1572,2450,1649,2553
C2,taco_batch_5_000054.jpg,0.8825,other,0.9674,714,1560,1404,1962
C2,taco_batch_5_000054.jpg,0.4504,metal,0.3392,334,1946,421,1979
C2,taco_batch_5_000054.jpg,0.382,glass,0.9978,2313,1301,2348,1352
C2,taco_batch_5_000054.jpg,0.3576,paper,0.5825,732,1635,769,1672
C2,taco_batch_5_000069.jpg,0.9296,paper,1.0,1013,1432,1369,1690
C2,taco_batch_5_000069.jpg,0.8789,paper,0.9795,7,181,261,396
C2,taco_batch_5_000069.jpg,0.3471,metal,0.7597,2286,610,2341,633
C2,taco_batch_5_000071.jpg,0.9374,metal,0.9837,1277,1979,1797,2371
C2,taco_batch_5_000071.jpg,0.7769,metal,0.862,143,1242,267,1374
C2,taco_batch_5_000071.jpg,0.6465,metal,0.9992,2344,1345,2418,1470
C2,taco_batch_5_000071.jpg,0.6432,glass,0.8999,826,566,897,620
C2,taco_batch_5_000071.jpg,0.5662,metal,0.9691,1896,2878,1976,3000
C2,taco_batch_5_000071.jpg,0.5227,metal,1.0,1266,771,1385,877
C2,taco_batch_5_000071.jpg,0.5103,metal,1.0,644,3043,1011,3209
C2,taco_batch_5_000071.jpg,0.4655,metal,0.9975,1315,1755,1413,1831
C2,taco_batch_5_000071.jpg,0.4583,glass,0.7032,1719,1228,1786,1283
C2,taco_batch_5_000071.jpg,0.3764,metal,0.6181,332,2009,408,2100
C2,taco_batch_5_000071.jpg,0.3225,metal,0.9962,8,1974,105,2086
C2,taco_batch_5_000071.jpg,0.3118,paper,0.8631,1888,1205,1936,1250
C2,taco_batch_5_000071.jpg,0.298,glass,0.9926,2240,1924,2293,1975
C2,taco_batch_5_000071.jpg,0.2544,glass,0.9397,1319,2057,1383,2103
C2,taco_batch_5_000073.jpg,0.9193,metal,0.9644,1097,1887,1597,2375
C2,taco_batch_5_000073.jpg,0.7522,paper,0.5778,104,1550,336,1644
C2,taco_batch_5_000073.jpg,0.6977,metal,0.7652,889,1171,1240,1226
C2,taco_batch_5_000073.jpg,0.686,plastic,0.46,1499,399,1605,458
C2,taco_batch_5_000073.jpg,0.6044,paper,0.9419,334,1732,471,1883
C2,taco_batch_5_000073.jpg,0.2831,paper,0.7794,359,1326,502,1424
C2,taco_batch_5_000073.jpg,0.2686,paper,0.7436,778,144,927,246
C2,taco_batch_5_000074.jpg,0.8764,metal,0.7183,370,2235,476,2366
C2,taco_batch_5_000074.jpg,0.8679,metal,0.7678,1079,39,1173,154
C2,taco_batch_5_000074.jpg,0.8196,paper,0.9327,985,1139,2058,1664
C2,taco_batch_5_000074.jpg,0.6687,metal,0.9906,1327,1748,1427,1823
C2,taco_batch_5_000074.jpg,0.6677,paper,0.8755,2033,1053,2282,1105
C2,taco_batch_5_000074.jpg,0.6291,paper,0.7953,2286,887,2356,943
C2,taco_batch_5_000074.jpg,0.3449,metal,0.956,1327,2113,1442,2211
C2,taco_batch_5_000074.jpg,0.3181,metal,0.5066,1491,1579,1579,1654
C2,taco_batch_5_000074.jpg,0.2831,paper,0.9997,338,2190,378,2224
C2,taco_batch_5_000074.jpg,0.2755,paper,0.8678,2055,1134,2101,1163
C2,taco_batch_5_000074.jpg,0.2722,paper,0.9986,338,2183,378,2217
C2,taco_batch_5_000081.jpg,0.7477,paper,0.5368,729,569,1397,1189
C2,taco_batch_5_000081.jpg,0.7446,paper,0.8622,181,2392,624,2456
C2,taco_batch_5_000085.jpg,0.8882,paper,0.6327,385,904,893,1326
C2,taco_batch_5_000085.jpg,0.8658,paper,0.6378,1628,737,1841,899
C2,taco_batch_5_000085.jpg,0.6731,metal,0.907,1150,1374,2031,1491
C2,taco_batch_5_000085.jpg,0.5072,paper,0.9974,549,904,818,1080
C2,taco_batch_5_000085.jpg,0.3267,plastic,0.5451,394,1157,445,1196
C2,taco_batch_5_000100.jpg,0.6746,paper,0.9983,1303,1613,1824,1719
C2,taco_batch_5_000100.jpg,0.5783,plastic,0.7476,1301,1652,1827,1719
C2,taco_batch_5_000106.jpg,0.936,paper,0.9599,2320,1068,2912,1429
C2,taco_batch_5_000106.jpg,0.8664,paper,0.9076,175,529,383,606
C2,taco_batch_5_000106.jpg,0.8313,metal,0.9389,1587,667,2513,798
C2,taco_batch_5_000106.jpg,0.7413,metal,0.9303,1088,353,1186,499
C2,taco_batch_5_000110.jpg,0.8148,metal,0.75,773,1678,997,1911
C2,taco_batch_5_000113.jpg,0.9101,plastic,0.7488,798,650,1502,1123
C2,taco_batch_6_000007.jpg,0.9195,paper,0.7992,880,1415,2424,2325
C2,taco_batch_6_000009.jpg,0.8688,paper,0.9999,747,456,2217,1658
C2,taco_batch_6_000022.jpg,0.9445,metal,1.0,1073,778,1771,1484
C2,taco_batch_6_000022.jpg,0.9345,metal,1.0,272,650,761,1131
C2,taco_batch_6_000022.jpg,0.93,metal,0.9999,1389,226,1619,487
C2,taco_batch_6_000022.jpg,0.9267,metal,0.9884,778,1503,1143,1988
C2,taco_batch_6_000022.jpg,0.8865,paper,0.6835,790,2101,1823,2819
C2,taco_batch_6_000022.jpg,0.8746,metal,1.0,1448,1710,1595,1862
C2,taco_batch_6_000022.jpg,0.8592,metal,1.0,125,1385,729,2403
C2,taco_batch_6_000022.jpg,0.7891,other,0.9815,1644,2233,1815,2460
C2,taco_batch_6_000022.jpg,0.4595,metal,0.9979,440,1409,692,1584
C2,taco_batch_6_000029.jpg,0.8886,paper,0.4976,1958,1181,2181,1401
C2,taco_batch_6_000029.jpg,0.8221,glass,0.87,1520,1269,1962,1480
C2,taco_batch_6_000029.jpg,0.5256,paper,0.6102,1508,1301,1555,1382
C2,taco_batch_6_000041.jpg,0.9038,metal,1.0,1613,1389,2026,1736
C2,taco_batch_6_000041.jpg,0.8219,other,0.856,1278,410,2651,1157
C2,taco_batch_6_000042.jpg,0.934,paper,0.9999,1371,950,1825,1349
C2,taco_batch_6_000042.jpg,0.9205,paper,0.9865,785,1326,997,1566
C2,taco_batch_6_000046.jpg,0.9309,plastic,0.478,536,555,863,932
C2,taco_batch_6_000051.jpg,0.8071,paper,0.8607,1118,831,1268,1279
C2,taco_batch_6_000051.jpg,0.3406,metal,0.8936,1130,839,1267,1051
C2,taco_batch_6_000073.jpg,0.7836,plastic,0.888,2061,880,2319,1660
C2,taco_batch_6_000073.jpg,0.4129,metal,0.9849,2133,1609,2211,1658
C2,taco_batch_6_000088.jpg,0.7854,paper,0.9974,25,0,850,469
C2,taco_batch_6_000088.jpg,0.3741,metal,0.674,1820,1845,1889,1898
C2,taco_batch_6_000094.jpg,0.5079,other,0.4561,295,2155,630,2433
C2,taco_batch_6_000094.jpg,0.4838,metal,0.8499,1500,889,1665,1028
C2,taco_batch_6_000094.jpg,0.2526,paper,0.7124,2058,2857,2249,3049
C2,taco_batch_6_000096.jpg,0.8566,paper,0.9949,307,1726,608,1956
C2,taco_batch_6_000100.jpg,0.915,metal,0.9833,998,575,1609,886
C2,taco_batch_6_000100.jpg,0.8519,paper,0.9847,2480,2022,2748,2337
C2,taco_batch_6_000100.jpg,0.5613,metal,0.7939,734,1543,859,1682
C2,taco_batch_6_000100.jpg,0.4293,metal,0.9995,1497,979,2313,1264
C2,taco_batch_7_000003.jpg,0.8381,metal,0.987,2271,2911,2459,3027
C2,taco_batch_7_000010.jpg,0.8864,paper,0.5931,3829,1428,4143,1570
C2,taco_batch_7_000010.jpg,0.3903,metal,0.9355,3576,1111,3642,1162
C2,taco_batch_7_000010.jpg,0.265,glass,0.6082,3770,1042,3859,1114
C2,taco_batch_7_000022.jpg,0.9312,paper,0.9445,2733,1398,3093,1744
C2,taco_batch_7_000022.jpg,0.792,plastic,0.9203,166,1125,1533,1928
C2,taco_batch_7_000022.jpg,0.429,paper,0.8717,1965,167,2094,325
C2,taco_batch_7_000022.jpg,0.256,glass,0.5466,2687,0,2858,60
C2,taco_batch_7_000047.jpg,0.7823,metal,0.7691,1092,1438,1572,1597
C2,taco_batch_7_000047.jpg,0.3728,paper,0.8301,1089,1554,1186,1600
C2,taco_batch_7_000047.jpg,0.3357,paper,0.863,937,1189,981,1225
C2,taco_batch_7_000047.jpg,0.2587,paper,0.5789,2326,256,2375,274
C2,taco_batch_7_000048.jpg,0.9002,paper,0.7465,1135,1865,1330,2024
C2,taco_batch_7_000048.jpg,0.8144,paper,0.9654,1491,1825,1671,2375
C2,taco_batch_7_000048.jpg,0.8007,paper,0.8048,2018,2145,2448,2807
C2,taco_batch_7_000048.jpg,0.6516,paper,0.6842,512,1922,621,1999
C2,taco_batch_7_000048.jpg,0.5356,paper,0.6456,666,2049,743,2094
C2,taco_batch_7_000048.jpg,0.512,paper,0.9252,1270,1582,1347,1617
C2,taco_batch_7_000048.jpg,0.4417,other,0.8892,530,2087,712,2203
C2,taco_batch_7_000048.jpg,0.3562,metal,0.9072,599,1974,676,2075
C2,taco_batch_7_000048.jpg,0.2824,metal,0.8182,1551,1682,1602,1722
C2,taco_batch_7_000048.jpg,0.2511,metal,0.6045,595,1977,721,2088
C2,taco_batch_7_000062.jpg,0.8391,paper,0.9936,596,2480,751,2649
C2,taco_batch_7_000062.jpg,0.7283,plastic,0.3857,1350,809,1512,906
C2,taco_batch_7_000062.jpg,0.7264,glass,0.8587,1087,766,1159,842
C2,taco_batch_7_000062.jpg,0.7243,plastic,0.9707,811,1464,1028,1721
C2,taco_batch_7_000062.jpg,0.64,plastic,0.9975,1494,903,1749,1195
C2,taco_batch_7_000062.jpg,0.6346,paper,0.9904,1012,1998,1232,2282
C2,taco_batch_7_000062.jpg,0.5402,paper,0.942,1010,2000,1188,2241
C2,taco_batch_7_000062.jpg,0.4959,other,0.4876,1152,2266,1316,2476
C2,taco_batch_7_000062.jpg,0.386,plastic,0.9692,1288,905,1748,1146
C2,taco_batch_7_000062.jpg,0.3155,other,0.9424,1737,622,1898,804
C2,taco_batch_7_000065.jpg,0.8567,plastic,0.9601,1156,715,1448,883
C2,taco_batch_7_000065.jpg,0.7652,paper,0.7603,2296,870,2398,944
C2,taco_batch_7_000065.jpg,0.361,plastic,0.3706,0,788,70,818
C2,taco_batch_7_000067.jpg,0.7991,glass,0.5692,1725,1628,1809,1743
C2,taco_batch_7_000067.jpg,0.7722,plastic,0.621,1924,1008,2157,1152
C2,taco_batch_7_000067.jpg,0.4605,metal,0.9985,2124,1988,2409,2142
C2,taco_batch_7_000068.jpg,0.897,metal,0.9779,1504,673,1660,806
C2,taco_batch_7_000068.jpg,0.3764,metal,0.9998,1822,486,1909,574
C2,taco_batch_7_000078.jpg,0.91,paper,0.4579,2211,1176,2390,1294
C2,taco_batch_7_000078.jpg,0.8786,paper,0.9998,0,1598,1032,2930
C2,taco_batch_7_000078.jpg,0.8781,paper,0.9416,2174,1803,2405,2072
C2,taco_batch_7_000078.jpg,0.8482,metal,0.7763,981,2042,1259,2220
C2,taco_batch_7_000078.jpg,0.8126,metal,0.6769,1663,1494,2213,1848
C2,taco_batch_7_000078.jpg,0.7657,other,0.6111,1679,1740,1864,1946
C2,taco_batch_7_000078.jpg,0.7634,paper,0.7687,1808,1020,1931,1098
C2,taco_batch_7_000078.jpg,0.7602,metal,0.9976,1294,2190,1360,2249
C2,taco_batch_7_000078.jpg,0.7397,paper,0.6083,1240,1804,1380,2246
C2,taco_batch_7_000078.jpg,0.6392,metal,0.5599,2113,1542,2230,1658
C2,taco_batch_7_000078.jpg,0.6303,paper,1.0,1,1444,417,1808
C2,taco_batch_7_000078.jpg,0.473,paper,0.9999,3,1612,1028,2483
C2,taco_batch_7_000078.jpg,0.4417,paper,0.9616,2036,1470,2132,1566
C2,taco_batch_7_000078.jpg,0.3911,paper,0.9661,0,1719,224,2173
C2,taco_batch_7_000078.jpg,0.3362,metal,0.5388,859,1985,947,2062
C2,taco_batch_7_000078.jpg,0.2615,paper,0.6893,1606,1660,1754,1889
C2,taco_batch_7_000083.jpg,0.9504,other,0.5158,645,1094,1111,1560
C2,taco_batch_7_000083.jpg,0.9108,metal,0.776,730,412,1470,908
C2,taco_batch_7_000083.jpg,0.5149,glass,0.9939,1992,896,2034,938
C2,taco_batch_7_000093.jpg,0.9177,metal,0.4732,988,1144,1364,1462
C2,taco_batch_7_000093.jpg,0.5294,paper,0.997,2055,1947,2388,2150
C2,taco_batch_7_000093.jpg,0.2942,metal,0.5359,1079,2022,1230,2235
C2,taco_batch_7_000104.jpg,0.8758,metal,0.8671,1440,970,1849,1109
C2,taco_batch_7_000104.jpg,0.859,metal,0.9919,1442,1848,1546,1936
C2,taco_batch_7_000118.jpg,0.8747,paper,0.8861,1674,1220,1905,1489
C2,taco_batch_7_000118.jpg,0.5094,metal,0.9675,1,397,132,485
C2,taco_batch_7_000118.jpg,0.501,paper,0.6839,0,308,132,482
C2,taco_batch_7_000118.jpg,0.4974,paper,0.579,0,363,132,484
C2,taco_batch_7_000123.jpg,0.9092,paper,0.9318,911,1334,1210,1591
C2,taco_batch_7_000123.jpg,0.5705,metal,0.6305,197,0,532,144
C2,taco_batch_7_000132.jpg,0.8253,paper,0.4868,2131,1047,2240,1122
C2,taco_batch_7_000132.jpg,0.3285,paper,0.8947,1097,1367,2103,1828
C2,taco_batch_7_000132.jpg,0.3183,metal,0.9897,3161,2170,3264,2432
C2,taco_batch_7_000134.jpg,0.821,metal,0.9949,1078,1818,1231,1928
C2,taco_batch_7_000134.jpg,0.7614,paper,0.8003,1813,1904,1846,2058
C2,taco_batch_7_000134.jpg,0.7355,metal,0.9493,314,1043,452,1104
C2,taco_batch_7_000134.jpg,0.6265,glass,0.5107,539,863,599,933
C2,taco_batch_7_000134.jpg,0.5992,metal,0.9998,1875,1519,1957,1729
C2,taco_batch_7_000134.jpg,0.4697,metal,0.9962,2356,313,2497,410
C2,taco_batch_7_000135.jpg,0.7999,metal,0.9894,1338,1601,1475,1942
C2,taco_batch_7_000135.jpg,0.4554,metal,0.5829,214,1343,277,1407
C2,taco_batch_7_000137.jpg,0.874,paper,0.747,2219,1331,2599,1597
C2,taco_batch_7_000137.jpg,0.5589,metal,0.9567,772,169,920,234
C2,taco_batch_7_000139.jpg,0.9203,metal,0.9932,564,1935,1028,2382
C2,taco_batch_7_000139.jpg,0.8511,paper,0.9727,274,1151,779,1344
C2,taco_batch_7_000139.jpg,0.6923,metal,0.9766,1699,939,1982,1100
C2,taco_batch_7_000142.jpg,0.8954,metal,0.997,1550,1192,1670,1360
C2,taco_batch_8_000003.jpg,0.8843,other,0.9056,1791,1287,2114,1541
C2,taco_batch_8_000003.jpg,0.4175,metal,0.9385,2073,1086,2410,1396
C2,taco_batch_8_000005.jpg,0.8178,metal,0.814,3526,2438,3687,2665
C2,taco_batch_8_000005.jpg,0.2805,paper,0.6658,3802,3730,3910,3798
C2,taco_batch_8_000011.jpg,0.8863,paper,0.9537,1042,1672,1226,2199
C2,taco_batch_8_000015.jpg,0.7793,metal,0.9499,2328,866,2404,899
C2,taco_batch_8_000015.jpg,0.7445,glass,0.9999,3057,107,3174,270
C2,taco_batch_8_000015.jpg,0.5481,glass,0.6072,1660,1466,1742,1508
C2,taco_batch_8_000015.jpg,0.5304,glass,0.8735,2433,1015,2491,1050
C2,taco_batch_8_000015.jpg,0.3702,glass,0.9995,1066,544,1118,621
C2,taco_batch_8_000019.jpg,0.8318,plastic,0.9998,1098,1541,1617,2173
C2,taco_batch_8_000019.jpg,0.5357,metal,0.9945,531,347,611,449
C2,taco_batch_8_000019.jpg,0.2536,paper,0.9647,580,3213,682,3264
C2,taco_batch_8_000021.jpg,0.8067,metal,0.9952,2006,1058,2183,1254
C2,taco_batch_8_000021.jpg,0.5262,metal,0.9802,1687,730,1825,827
C2,taco_batch_8_000021.jpg,0.2531,metal,0.5819,210,1234,422,1372
C2,taco_batch_8_000031.jpg,0.9239,paper,0.7897,1320,1034,1656,1391
C2,taco_batch_8_000031.jpg,0.6832,metal,0.9875,648,1852,715,1899
C2,taco_batch_8_000031.jpg,0.3327,metal,0.9085,2144,384,2201,428
C2,taco_batch_8_000031.jpg,0.2692,paper,0.361,1876,752,1900,808
C2,taco_batch_8_000031.jpg,0.2502,glass,0.6637,1174,1353,1204,1384
C2,taco_batch_8_000041.jpg,0.9046,metal,0.7639,1126,757,1461,1031
C2,taco_batch_8_000041.jpg,0.8823,metal,0.982,1028,1926,1222,2269
C2,taco_batch_8_000041.jpg,0.3369,metal,0.949,3133,259,3233,328
C2,taco_batch_8_000048.jpg,0.8925,paper,0.6302,1747,1763,2351,1957
C2,taco_batch_8_000048.jpg,0.3619,glass,0.9975,1748,1831,1787,1889
C2,taco_batch_8_000049.jpg,0.714,paper,0.9219,723,1235,1061,1509
C2,taco_batch_8_000057.jpg,0.8152,plastic,0.5025,528,794,596,862
C2,taco_batch_8_000057.jpg,0.4101,paper,0.7256,592,964,611,990
C2,taco_batch_8_000058.jpg,0.9356,metal,0.8361,542,698,717,857
C2,taco_batch_8_000058.jpg,0.7274,metal,0.8363,707,820,757,873
C2,taco_batch_8_000058.jpg,0.6669,metal,0.9999,250,591,327,653
C2,taco_batch_8_000058.jpg,0.6068,glass,0.7151,1139,1161,1199,1223
C2,taco_batch_8_000058.jpg,0.4779,metal,0.9137,797,886,850,927
C2,taco_batch_8_000058.jpg,0.3851,paper,0.796,599,936,627,952
C2,taco_batch_8_000058.jpg,0.3847,plastic,0.383,740,767,799,833
C2,taco_batch_8_000058.jpg,0.3187,metal,0.8526,1148,1437,1200,1530
C2,taco_batch_8_000065.jpg,0.8466,metal,0.9522,1407,676,1519,815
C2,taco_batch_8_000065.jpg,0.8329,metal,0.748,226,1018,300,1079
C2,taco_batch_8_000065.jpg,0.7798,paper,0.986,994,2296,1220,2562
C2,taco_batch_8_000065.jpg,0.7306,paper,0.9941,1540,2203,1673,2339
C2,taco_batch_8_000065.jpg,0.6171,paper,0.9576,1426,2193,1527,2289
C2,taco_batch_8_000065.jpg,0.4776,paper,0.4548,1911,238,2001,398
C2,taco_batch_8_000065.jpg,0.3457,paper,0.5002,1517,1826,1544,1884
C2,taco_batch_9_000001.jpg,0.9348,plastic,0.5433,2341,915,2719,1358
C2,taco_batch_9_000001.jpg,0.8248,paper,0.9531,514,352,710,489
C2,taco_batch_9_000001.jpg,0.5283,paper,0.95,2371,804,2449,838
C2,taco_batch_9_000001.jpg,0.416,paper,0.9223,1079,963,1337,1118
C2,taco_batch_9_000001.jpg,0.3838,paper,0.9375,15,835,1344,1585
C2,taco_batch_9_000009.jpg,0.881,paper,0.9981,2140,504,2356,697
C2,taco_batch_9_000009.jpg,0.4201,glass,1.0,2360,2332,2408,2446
C2,taco_batch_9_000013.jpg,0.7777,glass,0.9994,1752,1233,1819,1357
C2,taco_batch_9_000025.jpg,0.9488,paper,0.9735,711,1440,1117,1763
C2,taco_batch_9_000032.jpg,0.8908,metal,0.8259,707,1704,1733,2473
C2,taco_batch_9_000041.jpg,0.8566,paper,0.9391,1531,1883,1693,2379
C2,taco_batch_9_000042.jpg,0.8989,paper,0.4879,1066,1327,1261,1528
C2,taco_batch_9_000042.jpg,0.8811,metal,0.6843,1673,1328,2448,1764
C2,taco_batch_9_000042.jpg,0.8783,plastic,0.5018,1957,1899,2448,2284
C2,taco_batch_9_000042.jpg,0.402,paper,0.998,524,1,727,263
C2,taco_batch_9_000065.jpg,0.9273,metal,0.7978,818,1393,1093,1720
C2,taco_batch_9_000065.jpg,0.7809,metal,0.9485,649,462,1043,771
C2,taco_batch_9_000065.jpg,0.6361,metal,0.9998,1143,474,1265,588
C2,taco_batch_9_000065.jpg,0.4655,glass,0.9647,1336,1612,1375,1689
C2,taco_batch_9_000065.jpg,0.271,other,0.9394,1048,1970,1369,2270
C2,taco_batch_9_000067.jpg,0.7216,paper,0.6721,759,2071,1441,2534
C2,taco_batch_9_000070.jpg,0.8994,paper,0.8675,824,1315,1135,1455
C2,taco_batch_9_000070.jpg,0.85,metal,0.8846,740,2518,927,2650
C2,taco_batch_9_000070.jpg,0.4934,other,0.9995,515,3308,674,3432
C2,taco_batch_9_000070.jpg,0.4706,metal,0.644,290,1774,350,1811
C2,taco_batch_9_000070.jpg,0.3733,metal,0.9658,978,2461,1025,2529
C2,taco_batch_9_000070.jpg,0.2786,metal,0.9698,351,2503,439,2574
C2,taco_batch_9_000070.jpg,0.2647,metal,0.9799,347,2490,544,2640
C2,taco_batch_9_000089.jpg,0.5793,paper,0.5448,955,3353,1044,3426
C2,taco_batch_9_000089.jpg,0.2804,metal,0.6176,89,1140,162,1247
C2,taco_batch_9_000094.jpg,0.8736,metal,0.8919,3589,709,3785,783
C2,taco_batch_9_000094.jpg,0.8421,metal,0.9822,818,191,1093,412
